{"cameraMode":{"drawMode":0,"name":"Shaded","section":"Shading Mode"},"sceneLighting":true,"audioPlay":false,"sceneViewState":{"showFog":true,"showMaterialUpdate":false,"showSkybox":true,"showFlares":true,"showImageEffects":true,"showParticleSystems":true},"in2DMode":false,"pivot":{"x":-6.727016448974609,"y":4.117144584655762,"z":29.77768898010254},"rotation":{"x":0.1793258786201477,"y":0.6285707354545593,"z":-0.1520567387342453,"w":0.7415074110031128},"size":6.707412242889404,"orthographic":false}